step_n,dE_pme,dE_pdmk,E_pme
1000,3.252665885102852,3.261936565378806,-3012.600561773921
2000,1.127333836077427,1.1257364165475663,-3410.3170322285764
3000,0.46569575679503994,0.45385592128378355,-3781.755923811494
4000,0.023785583384859567,0.023879617431811346,-4052.8560360957367
5000,0.3892793532394921,0.38679679083031343,-4324.29911006729
6000,2.008374213398833,2.012244443066151,-4602.71308517469
7000,0.19229583115838603,0.1923181521138394,-4846.554679120599
8000,-1.9627494341507188,-1.9599704904693667,-5118.616183621574
9000,0.0030669473342154192,0.005760017354783933,-5506.655143924767
10000,0.3481599716991792,0.35087262432967276,-5664.144789582631
11000,0.28796993822153616,0.2809178558478429,-5870.466713489392
12000,-0.38882917322526755,-0.3888033483448636,-6158.5589663799765
13000,1.179283268477675,1.1687253827467765,-6436.462285930108
14000,0.11851509808682728,0.11345432952467169,-6698.484499209553
15000,0.24868311092683162,0.2501482054685308,-6922.211859041592
16000,0.07095350027002784,0.07345473320764415,-7143.738672372127
17000,-0.12860250506753276,-0.13032956835156093,-7380.3957656425255
18000,-0.5887309670574182,-0.5829779667820854,-7640.9128469674
19000,0.18879556035775796,0.18619536783979085,-7827.648347284526
20000,1.9958029943883144,1.99207443350358,-8208.559276028198
21000,-0.47027144609396976,-0.47065733424367107,-8502.56862794677
22000,-0.48520798772401075,-0.48826636698057974,-8699.73101655789
23000,2.352146445884766,2.354290315690036,-8895.215606292391
24000,0.6071681749288461,0.6080046588375041,-9179.702411915237
25000,-0.9978318267941965,-0.9915521628798891,-9321.092169273863
26000,-8.361002048916141,-8.361704263483015,-9508.944006142978
27000,0.6385412985581549,0.6372112128244596,-9891.988603848607
28000,0.317619271627121,0.3153477978236431,-10225.809112596935
29000,0.6714814216668653,0.6793850356811527,-10517.404449930724
30000,-0.8449550669316469,-0.8426259071251138,-10675.133055655882
31000,0.1924163141350303,0.19332925744768525,-10820.362075964205
32000,-0.03248893756798596,-0.03676000871158382,-10920.707168085224
33000,2.0696886700481323,2.06860533317275,-11021.078161283423
34000,-0.27515249161505717,-0.2763365008398109,-11167.00934203554
35000,2.4791030688620435,2.4812985602064312,-11336.70341755833
36000,-0.005456045914800714,-0.00039441904395241573,-11480.590475734396
37000,1.8590240917597978,1.8660324199345089,-11535.079521391692
38000,1.1300665054523493,1.1410081597019872,-11662.351925687024
39000,-0.3154004904805873,-0.3126032530840552,-11792.160049125348
40000,-3.277990222409491,-3.279451616298424,-11965.575671282002
41000,2.8531757118685768,2.8537697600155485,-12123.32483374687
42000,-0.00028499435278155554,0.003341897096863571,-12328.950023939962
43000,-16.159900591624194,-16.163684287744672,-12618.240795502505
44000,-0.011326595347390975,-0.010526690814404886,-12847.798360994619
45000,1.1315944809437466,1.1381456818689444,-13065.443456219336
46000,-0.026975436605203712,-0.025043325459921044,-13214.961012703916
47000,0.17152359393495126,0.17439721698683067,-13372.742829229004
48000,-0.6118923032057534,-0.6057540947839014,-13502.189655611932
49000,-0.6552163899115191,-0.6536974630095931,-13688.65051177951
50000,1.5571581577920295,1.5584022859051996,-13705.485823361125
51000,-0.2766057658447744,-0.272530814504204,-13836.732458089342
52000,0.8826564921689154,0.8793093865739205,-14053.921836507048
53000,1.1172103501466404,1.1172905104190791,-14205.980767290674
54000,0.32323219331180475,0.31988453458172406,-14514.830176018626
55000,3.3235495970108406,3.325299920449558,-14691.080733012946
56000,0.03738848877474636,0.037419081849413664,-14771.993250482474
57000,0.4628220451140112,0.4586239560478889,-14805.729562645181
58000,-0.03158678649371998,-0.031676020602999545,-15027.767474453922
59000,1.9801875942931966,1.977567280041205,-15092.988343734049
60000,-0.2902499588915081,-0.28524171748226623,-15284.306217838854
61000,3.8560477727689686,3.8576217501422407,-15432.193406126573
62000,-2.1159491038191276,-2.1191281316329484,-15598.335151940893
63000,-1.1204163646845031,-1.125053519470543,-15665.867823621851
64000,-0.544231391398844,-0.5417522693010036,-15733.967208779557
65000,-1.6892540805123937,-1.6880283707839243,-15856.23780372187
66000,-0.32861574397872095,-0.3302877129142878,-15928.942254547337
67000,-0.14266927582731317,-0.14127923046788887,-16026.00899349359
68000,-5.6391836186421695,-5.636878776850791,-16139.542521672707
69000,-0.2954913648720229,-0.2974123153363533,-16287.727963401667
70000,-0.3263256937407909,-0.3234854415964928,-16325.889711821488
71000,7.703326563141253,7.69945198658802,-16425.736941150608
72000,-1.9593969429090705,-1.9646603514124694,-16527.14722775781
73000,0.4725392126980401,0.4731766253260985,-16614.786146347404
74000,2.0153360586354396,2.0222321438866393,-16744.087988878156
75000,-0.026398088692283828,-0.03332458045198471,-16828.817437700585
76000,-0.07514042951697388,-0.07390200996481781,-16905.740183884882
77000,0.7994612465616944,0.7973732680906782,-16995.951285958727
78000,0.7796366141117173,0.782336972380979,-17236.365658584167
79000,0.30950902557273,0.31293015806697916,-17381.916829521684
80000,-0.15994147964774402,-0.15736998288021317,-17397.513056217416
81000,-34.645566830686384,-34.64519980148916,-17546.022867424854
82000,2.1432892559317995,2.139858453942984,-17600.740599415243
83000,0.040227747675242266,0.04054962595906397,-17604.085273311826
84000,0.32563688547998065,0.3257305657899861,-17604.27139969593
85000,0.47945458219702325,0.48218800529315603,-17780.557534399948
86000,-1.2509931973985062,-1.2532651361584173,-17856.48428078347
87000,0.5024485169837278,0.5026610180538594,-17923.170889989815
88000,-2.650119714797727,-2.651215195310615,-18054.04743961017
89000,37.14042384302503,37.133350168612665,-18185.704699435246
90000,0.6007230863712416,0.6009715224776864,-18322.300849237803
91000,0.060313332880417035,0.059705523346712856,-18421.72230001538
92000,0.05161565526490139,0.051094805602879295,-18493.165712482707
93000,-0.08442679355483694,-0.08610846972098092,-18486.477312942377
94000,0.366759196538723,0.36308861670327364,-18547.874649735553
95000,-0.1788349586385918,-0.18358435510822205,-18581.017938339475
96000,69.06083703065866,69.04047105867605,-18525.750865460723
97000,0.1257338934264311,0.12614153803416772,-18724.480002664746
98000,-1.0658180230262657,-1.0675573160524179,-18711.865684389584
99000,4.827089932271179,4.829069506105556,-18715.17456695363
100000,-2.092643936228055,-2.0920730843500617,-18715.742644251346
101000,0.31167976139621845,0.31356983472677213,-18766.308009895023
102000,0.0008632268971151093,0.0019059860811439582,-18783.63416505867
103000,0.13280036028132344,0.1325644998092453,-18796.363264260846
104000,0.10991109934499006,0.11260488941301201,-18871.36935201313
105000,-1.069957187642875,-1.0726503173262754,-18915.12592259803
106000,-0.10713668833637369,-0.1140505124950988,-18915.739582894632
107000,-0.021237784749514335,-0.019460720553238636,-18961.80682329491
108000,-0.0017573692744649247,-0.12807886091703008,-18909.284457915932
109000,-20.071670837416065,-20.070844673849873,-18922.214490353585
110000,0.701653293051596,0.7050809269008882,-18987.730435787802
111000,0.7042860975002407,0.7083780434248241,-18991.20378392003
112000,-0.2588261820869227,-0.259822970534316,-19046.943999934523
113000,0.587385172587403,0.5861915689825945,-19056.98352480146
114000,0.45425966662722156,0.4543628607723026,-19097.48833020289
115000,-0.7976042207373752,-0.7783187475084282,-19149.264052707815
116000,11.65369068794324,11.646019388864255,-19158.483603210916
117000,0.5283716347334094,0.530051627507546,-19158.235742810957
118000,0.4117803878501279,0.41175540231286084,-19196.088769387567
119000,-19.17626036386462,-19.173249368301995,-19217.7508186267
120000,-2.799417839572046,-2.7991775881082313,-19181.097502250912
121000,-0.4808074505663464,-0.47938962174741884,-19222.31422203572
122000,0.6220253129791259,0.6171655591792712,-19228.120423300534
123000,-0.3567423965948874,-0.35331581258782313,-19254.897143815906
124000,0.01234226397088943,0.012120100761339759,-19272.229572650755
125000,1.7836930069321102,1.7833889017142956,-19240.180438085372
126000,-0.08986150909981219,-0.08917083234284966,-19262.52312298573
127000,-0.2539551962532894,-0.2621408750045165,-19353.698813748826
128000,-0.2200404576968542,-0.21998600573078272,-19353.580990534905
129000,-0.465015205545582,-0.46570435025535556,-19346.070895994457
130000,-1.613350879717285,-1.6124706054764433,-19439.01199489258
131000,1.8832604327600186,1.8796180431587846,-19447.213822222147
132000,-0.9451766784064399,-0.9477920546897269,-19500.386301026545
133000,-0.4312127854106218,-0.42182078802858924,-19568.87741160235
134000,1.7433214621342379,1.7345279514399772,-19596.047291466257
135000,0.9848888139894166,0.9812383163321697,-19613.82614130706
136000,3.2315330508810964,3.232480057260331,-19587.00170003351
137000,-0.5741322770552445,-0.5725832219970235,-19604.955450226866
138000,0.017171748707795847,0.017064019141352325,-19616.412010962114
139000,-0.47060919103227766,-0.4796333654192559,-19657.829451439116
140000,2.711361150549068,2.6778096514736807,-19697.010844197728
141000,0.05134099320388556,0.05172152767672771,-19675.45915837435
142000,2.0684262475279467,2.0632846723274243,-19620.01176988362
143000,2.0704247469509336,2.073305690204431,-19660.281312368632
144000,0.2830968821836047,0.28272688844477784,-19737.004698569486
145000,-0.8056932371442165,-0.8063194002786948,-19774.43225039686
146000,1.3813072598777199,1.3865929062192044,-19774.771429605178
147000,0.3823142516434055,0.3826182161573468,-19772.91022028992
148000,0.15647478470028417,0.1604343618043102,-19747.1796923581
149000,-0.025484800568332282,-0.023096367825911814,-19736.30173170794
150000,-0.230575079724096,-0.2302704236800904,-19735.08226892854
151000,-0.19747541717625883,-0.19752007730166657,-19731.644337732974
152000,-4.406849524357139,-4.407561054367876,-19803.70428696886
153000,0.08942120716758738,0.08956769917802047,-19820.70247256114
154000,-0.00494103002681058,-0.0068447878749122795,-19851.16424206974
155000,3.8915116338641855,3.8973700378747864,-19886.45269378234
156000,-0.2946567196928723,-0.29442755601878384,-19901.721454909115
157000,0.003355148394223276,0.0010046501323874727,-19848.51969670113
158000,16.351190362057576,16.338759883397113,-19856.044508554944
159000,-0.6349618895206058,-0.636583617809355,-19881.122512496753
160000,-0.03784074079079613,-0.03706262279054378,-19890.00334748716
161000,0.38673015452046133,0.3872440791802854,-19864.269405466774
162000,2.5883338203743436,2.5881153166443522,-19861.41862092863
163000,0.6610139045672175,0.6616909641872413,-19915.1057223865
164000,47.80855907692281,47.80047454735194,-19881.953153666433
165000,0.9441336357727613,0.9427879274015889,-19923.666327183888
166000,-0.07797364524801657,-0.07865824244395858,-19901.962414552287
167000,0.2061752279500268,0.20646427204632067,-19897.31677395241
168000,4.278909650857808,4.27955526802373,-19851.30996202156
169000,2.5554558127138716,2.558908942646412,-19825.367654060305
170000,-0.2810007112198746,-0.27931489927562225,-19799.432907516424
171000,1.7638768339026254,1.7642780213998084,-19837.021980008
172000,-2.5474296327003256,-2.547063509361066,-19825.831360915286
173000,-0.4388421000569235,-0.4364496480926632,-19830.885161958362
174000,18.391203889297987,18.39055918491696,-19844.49651780905
175000,0.9241366448904511,0.9235770667360996,-19831.3438340901
176000,-12.159699533156743,-12.15896016558575,-19874.253628890106
177000,0.5873166672419351,0.5859460299158206,-19876.193251669465
178000,-0.22260508855010305,-0.22172749644959394,-19896.671643001675
179000,0.35933202953277493,0.35850101997168493,-19912.71042175959
180000,-0.48658260940354997,-0.4868781548326716,-19852.3668387866
181000,-0.8357467995878393,-0.8406823684409777,-19857.700597876843
182000,-4.192110577557574,-4.188789247923508,-19852.062870733225
183000,-0.5004307526912618,-0.4991416203882651,-19854.189114531902
184000,-4.699960659135589,-4.702462036716171,-19875.794950755244
185000,1.3361797395429174,1.3349535363752154,-19813.85338898491
186000,2.119590474282165,2.1217615798348812,-19865.282279529143
187000,3.361491981872076,3.367803262929387,-19872.894132429614
188000,0.13339434920337256,0.13263118063383206,-19909.825295656905
189000,0.5776533753738375,0.5724181171098706,-19937.63460937038
190000,3.1799639950084884,3.1843798805142054,-19941.203356040325
191000,0.2610728044437,0.2627041180395823,-19934.57288418807
192000,4.883990045443702,4.896638620582177,-19945.10244820888
193000,0.6488711569052026,0.6488555448796719,-19956.203772231413
194000,-1.493919519001798,-1.4920787200657792,-19997.946375837553
195000,-10.461560859873142,-10.462264211511739,-20047.227782008194
196000,0.41204450636691126,0.41285889708760154,-20036.81159243904
197000,-1.101058312214567,-1.1049226312122367,-20014.800214477884
198000,-0.25122498168762714,-0.2528321792374082,-20047.797530428572
199000,0.1867694548537223,0.1873816301666326,-20035.390632008006
200000,0.2654793547217353,0.2645593705092814,-20010.520709519715
201000,-4.4524597476971115,-4.451817717148378,-20031.98382942428
202000,0.1572321673569178,0.15738342408616138,-20051.155132662243
203000,2.2448304089308775,2.2461668457649444,-20047.693310896608
204000,-2.99496785341054,-2.994631263666678,-20047.34778246829
205000,0.1463317726661742,0.14595467557188893,-20052.78438199754
206000,-0.701486231366878,-0.6986229205789141,-20077.720623560916
207000,-2.049450581233541,-2.0506297766216384,-20096.52145417628
208000,-7.32728959249575,-7.322058215581691,-20093.81452225728
209000,0.1371603948989131,0.13762360497548143,-20078.972159481596
210000,1.9259654476108872,1.9241010504565284,-20057.597300954738
211000,6.012818943484779,6.0054578003058205,-20072.289251788705
212000,0.056417644810456094,0.055856443694749666,-20078.69715496158
213000,-7.508012728317482,-7.489955937502467,-20082.791074573073
214000,6.033910518858224,6.036808019078828,-20037.286602175736
215000,-4.08335936690923,-4.083761263135582,-20065.588650879105
216000,-0.1003714635444755,-0.09838676468227676,-20062.459725620796
217000,-1.652417454145082,-1.6498289718690233,-20060.48634027231
218000,0.21801138387565389,0.21788966888525235,-20126.196084983945
219000,0.09321995858409006,0.095894312646241,-20139.192591548952
220000,1.001661701019222,1.002456662345309,-20101.653381863103
221000,-0.49997962065608176,-0.49718682542867076,-20122.340106245003
222000,-0.36967468245197843,-0.36900073768280994,-20133.695515468215
223000,0.27233065706065784,0.2686463299719512,-20143.069282777804
224000,-0.19999168286057684,-0.1990381120406463,-20096.989074127552
225000,5.643901734115172e-5,0.03812019798197406,-20157.428417315
226000,-0.02643315823978878,-0.023969781409488074,-20166.96276473298
227000,1.5236165230118648,1.524891504043541,-20129.523458513027
228000,0.012725897802344448,0.013554109548124934,-20139.777855957098
229000,7.819466893188785,7.8113308531036765,-20096.101700722134
230000,-42.93242501715377,-42.93949458403896,-20139.433471645334
231000,2.8564374958120453,2.858778862798517,-20073.098365732574
232000,0.18859620565415974,0.18787430502679903,-20105.46154005982
233000,0.17198238407838612,0.17320911048946325,-20122.599544593275
234000,-0.4377970323444706,-0.43673253618111346,-20085.41012951501
235000,3.4244147007757983,3.4260685212982045,-20043.77084850384
236000,0.30862584743182875,0.308872370611595,-20019.51307945712
237000,-0.17640984701387488,-0.17540482778130734,-20020.54326892121
238000,-1.507385149598456,-1.5065116999609711,-19997.666917888833
239000,2.5362699808920235,2.5341680637099815,-20023.7556597559
240000,31.26878612739747,31.267646611499888,-20062.00372298513
241000,0.0109680686065346,0.011691101889665781,-20099.83594792146
242000,-1.4157689663045747,-1.4149588535665703,-20165.177704654372
243000,0.32133757690577364,0.32285166114389563,-20166.74091515886
244000,1.858403650128534,1.8569715565091953,-20188.926105884027
245000,2.754637055165298,2.7583266981911194,-20176.93649074909
246000,-0.014626963011325324,-0.0124789685148463,-20116.220551960854
247000,-0.13239624582930512,-0.1314017706606941,-20077.9215223468
248000,0.5134272394849331,0.5157059271969996,-20063.24209911784
249000,0.7094359352430751,0.7104844848482978,-20040.920233351644
250000,0.6241657432233048,0.6247897795441533,-20060.07673314851
251000,-0.39752658867779356,-0.3964434361479088,-20079.21615361859
252000,-0.5822395000666333,-0.589819372863569,-20062.49823388802
253000,1.5193044933868896,1.5189639307506193,-20020.75806904654
254000,-4.282607481979399,-4.2779254244430795,-20045.259308626843
255000,-0.03450080827562921,-0.035035875264972,-20043.86556129945
256000,0.18422198969002396,0.18543262701281327,-20054.15794186249
257000,0.7641768780583135,0.7631216471232039,-20049.819671115423
258000,0.272124998568971,0.27228066932800693,-20051.644393593713
259000,0.41496318958708606,0.41686799063203545,-20034.879467911884
260000,0.4526402486338946,0.4513166066719332,-20076.54862695571
261000,-0.349414941421611,-0.34461156276702215,-20078.00810973311
262000,-0.3294762538326979,-0.3236066972468637,-20039.88699083527
263000,0.05923024479500482,0.05860613003552535,-20027.326847287106
264000,0.020607319960628114,0.02176662473297987,-19995.117133317955
265000,0.5848746668379744,0.5838274522303054,-20020.997273163113
266000,0.47876137073169484,0.47824109178024343,-20012.26717308801
267000,-0.056927367188911435,-0.06080868035317967,-20104.725689289473
268000,-0.07436369691719835,-0.0758450670542144,-20055.729229856606
269000,-1.8910024418198177,-1.888162592930553,-20074.56145019908
270000,0.1431604550788415,0.14308376940998538,-20068.695890101793
271000,2.962931344254236,2.9630906407389817,-20106.788272201557
272000,1.3708555698441716,1.3723708359546538,-20089.160416576047
273000,0.22688464128184016,0.22648680678960692,-20106.17064656793
274000,1.806998691026122,1.8088722767048209,-20109.839025110687
275000,0.22383716126168723,0.22092820445161337,-20123.940734092204
276000,0.06783709807054503,0.08154695454060772,-20213.86048182486
277000,1.4267727245370867,1.4350654414868729,-20243.49916014804
278000,4.103482968669518,4.108291482830752,-20244.576302628262
279000,0.13581994194759486,0.13457510158550617,-20240.512513792306
280000,0.2968721566871859,0.2961227488121618,-20194.778328648576
281000,1.6997048590706139,1.699446864629104,-20148.975585478733
282000,1.5550437427896182,1.5526482268678554,-20130.261050571997
283000,1.4681641885554613,1.4705417197632797,-20091.02442904824
284000,0.6086296605912124,0.6071410758245949,-20100.94440787418
285000,-0.5053716161430137,-0.5050958810773719,-20123.461454392334
286000,-0.04313624913261657,-0.04287696249786563,-20115.079334767524
287000,5.563997861921273,5.557905172155196,-20041.408339856436
288000,-0.6763558757377824,-0.6787289465440768,-20063.40498519595
289000,-0.2038196145740806,-0.19966690547471055,-20072.197873103552
290000,-0.913363042901343,-0.9133753766555208,-20072.784877128564
291000,5.314987111018957,5.311988260065913,-20055.51992343805
292000,0.6940836234412318,0.6983665634079425,-20042.292558260066
293000,0.11563811190901714,0.1141681586645285,-20045.312463869697
294000,-0.010685074086133473,-0.008388513556289862,-20116.394028583538
295000,0.08690908315519821,0.08664355840414925,-20063.084920138725
296000,0.19643732270666278,0.1990136681709557,-20061.457587022163
297000,0.7999346293764968,0.7986516931561826,-20076.827495372603
298000,0.6865804964413684,0.6829470739235879,-20031.94228466075
299000,-0.3691519218301206,-0.36831979204316834,-20058.325137377575
300000,0.05723490744487485,0.05544077596023662,-20064.49016978801
301000,-0.2806487518655864,-0.2805867404791185,-20134.10861940264
302000,-10.011975422308875,-10.011248986321808,-20139.307105471453
303000,0.014887165055937361,0.01761795176954895,-20079.66979470049
304000,88.22393995005429,88.21615977842438,-19994.33656955877
305000,2.0410424093788575,2.0360300199515042,-20103.794049327407
306000,0.051772483592729186,0.052803659620820766,-20078.01271897981
307000,0.674199217654926,0.6749941832120124,-20110.54577077578
308000,0.2781056159166488,0.27895115619254224,-20079.239233311542
309000,-1.1813138732450614,-1.180138772790329,-20032.75263850695
310000,-0.43025966042149355,-0.4274764660702493,-19999.99405960424
311000,1.6884885250167758,1.6892486187533775,-20008.68647869297
312000,0.03008658140012799,0.030840718982671468,-19990.495058296572
313000,-0.2843476406368986,-0.2857155194560611,-20013.296308266657
314000,0.2952035416420722,0.29543994499463283,-19990.38149522012
315000,0.04729464938230663,0.048536537616594155,-20006.01326790086
316000,1.1536421237922607,1.1520857698440246,-20025.52057794122
317000,-1.204592105944088,-1.2017790852059336,-20033.583957254887
318000,-0.9800383177867674,-0.9797384311164851,-20033.96734457252
319000,-0.02594644803796635,-0.026470507713373646,-19991.555946381846
320000,0.1153823323809462,0.11758338807928377,-19962.82664798307
321000,8.661273114626278,8.656892902959608,-20024.05983828729
322000,-0.8961498174166018,-0.897190724006975,-20016.271063918797
323000,3.945741661641777,3.946949626050749,-20029.424988752824
324000,0.004371199197287985,0.005069186403523689,-20029.495087075466
325000,1.0466382445412912,1.0481611278534106,-19993.305783280884
326000,0.5693593276654065,0.5699222513155775,-19950.77960107297
327000,-0.862609654811084,-0.8600200302926981,-20047.968330060317
328000,-126.53247866906838,-126.5383708167888,-20157.91598948375
329000,0.08061406025146481,0.08447541691232499,-20029.082543128894
330000,-1.3207102125749168,-1.3250496907375229,-20033.777851178565
331000,0.8828448916414224,0.8830305207320505,-20030.43474690439
332000,-7.64255106189065,-7.646522116171451,-20028.303877521692
333000,-0.10850166664537374,-0.10671144199185566,-20084.60595035211
334000,0.2776895116022916,0.27045844147332837,-20091.973156570974
335000,-2.8036993269618837,-2.806185482355114,-20076.728758238725
336000,57.94095624729971,57.92571387007972,-20046.173515643128
337000,-0.33579248703651393,-0.3358314152555527,-20078.015344014333
338000,0.10550356513103315,0.10786191632897915,-20103.083021844166
339000,-0.3516689671390854,-0.3536343908415087,-20050.801708460338
340000,-0.15622265134948385,-0.15599518485034022,-20083.56848869961
341000,-0.759106040897273,-0.7587547124499463,-20092.29287631923
342000,49.72767940126487,49.72567120571059,-20081.861740821892
343000,-0.3518527722109585,-0.35309236749120926,-20160.742526211237
344000,-0.1303817367114707,-0.13098554251461808,-20149.79351720687
345000,-0.6290122543945822,-0.6289516992702233,-20100.475744007268
346000,-1.0337432631299879,-1.0354571398693284,-20069.910730903288
347000,-0.3060286449809841,-0.3051071203401927,-20099.15822777079
348000,-0.10522314637827168,-0.10496943125241436,-20114.517166882822
349000,0.18495121322223698,0.18535758919965503,-20147.346453790626
350000,0.6348660578019564,0.6367375373332829,-20197.410994857866
351000,-1.3569096624532013,-1.3597481614284361,-20154.956154767136
352000,2.3250587312923185,2.3258636240598096,-20156.019067876834
353000,1.212409262485199,1.2128733877441884,-20203.981708883748
354000,-6.291234070747062,-6.292799837704355,-20217.89167210779
355000,0.3618564119732333,0.358811680667625,-20213.97947082485
356000,12.96142733433104,12.955414697966294,-20193.027986575067
357000,-3.509087403333916,-3.5106111849421158,-20167.508349249878
358000,0.022261835441612702,0.024597973006332204,-20193.48728712158
359000,0.21650305235725145,0.2121129632327058,-20196.636505527727
360000,0.30400263981440145,0.3050980003985059,-20202.682894881
361000,33.024888597814346,33.02060610182726,-20202.16521406901
362000,-0.3946382101660138,-0.39466417716852836,-20184.44144956477
363000,0.23651136973593864,0.23694212771258452,-20222.60710584814
364000,0.892047165551578,0.8920571135301975,-20200.225201461435
365000,0.7435638682309063,0.7497695924394457,-20129.678045087556
366000,-6.422546743591578,-6.423036992162561,-20135.030753967145
367000,-0.5663922164464015,-0.5639997258680916,-20118.744314857824
368000,0.44564100544465013,0.4484054504796393,-20203.754318124702
369000,-0.27539979610440424,-0.2737990002703304,-20252.466934724915
370000,1.0318893435336651,1.0246186179632562,-20282.50450858504
371000,2.1003753385213044,2.0995463219865997,-20293.768346132358
372000,0.06446947814762423,0.06467387664207795,-20195.67416631006
373000,0.9788183229834347,0.9826218694124903,-20233.021148940286
374000,0.5200321519137353,0.5175686338106633,-20262.357967726966
375000,0.045175967767178506,0.04978668554164604,-20265.833831480224
376000,-0.021865795493722355,-0.009776216383426978,-20214.680808924684
377000,0.19808789646908218,0.19916724798198346,-20214.884446195952
378000,0.28155615138715645,0.2787651565853695,-20192.53993708178
379000,0.00215791821766914,0.007018630188188052,-20220.371044052798
380000,0.18072760579805122,0.1820322082324478,-20232.50529775973
381000,1.0230837436908373,1.0309331372371475,-20232.35647941524
382000,-0.0006171231178556654,-0.003353625121686075,-20212.367210063778
383000,-2.8045975527788816,-2.800895475670815,-20252.839367611166
384000,0.24252432840027632,0.24847726017217567,-20266.546521226435
385000,0.7781798068147515,0.7767515021648982,-20211.441007937763
386000,-0.008812414171635665,-0.009809375705548712,-20220.053139873606
387000,6.4672873632237105,6.462805540785418,-20225.204045944487
388000,-0.3034017730753959,-0.3018157332058642,-20215.145035060254
389000,0.12894303771710894,0.12985715154459246,-20231.513960807766
390000,5.436514748600367,5.439717379275074,-20195.282452143
391000,0.41140649086314995,0.41132356690555233,-20190.70278545299
392000,-0.46478489743646023,-0.44818688144363533,-20182.626497446334
393000,65.58329439985941,65.56450891913649,-20131.66814341471
394000,-0.41755776959534946,-0.41328005600604817,-20200.973542856776
395000,0.7784297307389866,0.7782105937298237,-20212.73917663188
396000,0.040992445745397815,0.04418945492486627,-20237.3191537939
397000,0.39909189342844686,0.3997762319315081,-20269.241736065236
398000,0.2825630517674216,0.28073115089830286,-20251.20612996716
399000,0.25838718957213214,0.25931912763278125,-20244.58146838021
400000,0.004342564814312829,0.012060704254291907,-20306.67948761187
401000,0.0467145911100111,0.05116547011272534,-20269.46129473465
402000,0.37370858342680896,0.3749758253468989,-20293.778570220868
403000,1.5637316365186145,1.566386627190269,-20264.23530369428
404000,0.5049357605078533,0.5067795143731699,-20249.453056295533
405000,-0.8179903579627621,-0.8147625485392113,-20232.382691228788
406000,-0.2163496188187399,-0.21588399644827083,-20218.43133298471
407000,-0.27134033180129474,-0.2722944998494463,-20204.157352880964
408000,-0.27904295621827646,-0.2790873980278731,-20274.064156845885
409000,-0.30601135856344136,-0.3061493299798319,-20305.579417250716
410000,-0.35067178693439865,-0.3577015704106075,-20266.671296663182
411000,-0.38679760669736724,-0.38784519462336026,-20218.5996426729
412000,0.00786470489350023,0.005798279928328748,-20183.40747686496
413000,0.08391998156000928,0.08606452853758002,-20154.29659988241
414000,0.15290238517259883,0.15369646810937565,-20121.431179380656
415000,0.380168928393907,0.3795206138323611,-20166.63651262167
416000,0.5915370787769694,0.5911663719760587,-20169.001415018127
417000,-38.67244785971248,-38.674901262085655,-20154.84685678195
418000,-0.02569445642343907,-0.026566837252810616,-20089.35173171945
419000,0.018434145728415025,0.02056281008878492,-20086.46471814757
420000,2.6909534425586656,2.6982479904164656,-20041.56496901678
421000,0.08460356290586407,0.08293756632137342,-20034.64913195375
422000,-0.6797699303185042,-0.6811717593664539,-20059.795690358253
423000,0.13696707296949198,0.13830055659964585,-20101.399050246124
424000,0.5148671040211457,0.5171107218235209,-20120.497325289176
425000,0.00390964663454997,-0.15289755985603434,-20082.54592021508
426000,-3.1915491655397816,-3.19576425300298,-20106.00474318265
427000,1.5728530406897483,1.5685888137664556,-20087.738079386138
428000,0.5125839162832163,0.5123416645132718,-20105.18466547885
429000,-3.1683792557317814,-3.1664330738394892,-20126.018670922374
430000,-35.405984052984365,-35.40842470001234,-20172.004503181284
431000,-1.2965878870465144,-1.2949728057348893,-20135.633557921836
432000,-7.672503740086109,-7.6669553973186275,-20105.920300311587
433000,-0.30838064678078936,-0.30688693708058773,-20095.14177412762
434000,0.6975724127454855,0.6999262129598174,-20104.117155785556
435000,2.9684530786832988,2.9677069588047544,-20124.115514024124
436000,6.691351042351785,6.690420573255199,-20121.895714324397
437000,-17.58200444728852,-17.58226572825759,-20117.901618810494
438000,0.01877148479777574,0.02063719146463577,-20099.53456724837
439000,-1.411406555619536,-1.4051308896410935,-20087.705484261645
440000,0.13128488099791058,0.13037100331145396,-20119.343927687405
441000,-0.38354420361486424,-0.37993278534422675,-20069.0748017223
442000,-0.04182710746179713,-0.04081674430377047,-20081.74432680471
443000,0.8732520395566328,0.871798699354535,-20135.974302086783
444000,-0.338238980222601,-0.3404857302468721,-20188.62284015666
445000,0.3713997133238029,0.37535666676020246,-20194.930626230824
446000,1.674094840360914,1.6748788066126008,-20180.458922782713
447000,1.3641647588210226,1.3643212878938014,-20136.91027116948
448000,16.000608512300012,16.000363060284528,-20123.032800505687
449000,0.118715890612052,0.11990407300465011,-20113.064814061232
450000,0.7634088517301277,0.7652561445241751,-20116.195347242225
451000,-0.5025664492770956,-0.4957953773572382,-20045.709926585696
452000,-0.7138873864807369,-0.7125631686026823,-20068.704735020205
453000,-2.4557972101420775,-2.452372537079047,-19993.300241603356
454000,1.9919731859021443,1.9927043121316548,-20011.94886622541
455000,0.9876601884406657,0.9850372842351144,-20012.729668022443
456000,-0.1594978988236577,-0.15768374726476853,-20017.950671016864
457000,1.4437572812852169,1.443808209499115,-20010.781053521976
458000,0.9409340091118086,0.9398969568381415,-19984.377853388036
459000,0.3535108943565313,0.3546221792388896,-20015.572676229203
460000,-1.9812737033658472,-1.9830520894443318,-20006.257800782932
461000,0.006107325261735128,0.004883422524473386,-19971.17616297875
462000,-0.38343737785119814,-0.3821031483006005,-19982.290919524294
463000,1.7736489897477696,1.772452558741944,-19980.75809144216
464000,-0.42304679406280477,-0.4215073328196483,-19981.35201283525
465000,-2.1486154384776235,-2.15014140394415,-19996.89879924885
466000,5.7360263977115125,5.73105393160731,-19971.822262518734
467000,1.0956919845985678,1.1084583535483676,-19948.3878153141
468000,14.807562681273025,14.806362338964949,-19917.950349066807
469000,3.2681638131246906,3.2664119889074006,-19888.91251654168
470000,-2.1542725150241564,-2.1576040119997817,-19908.282093277743
471000,-0.2572846267572254,-0.2523803471905667,-19915.090238288136
472000,-0.7521147347874165,-0.7553336972645264,-19878.97179795982
473000,0.10841664185170767,0.1077954359579375,-19943.206089199877
474000,-0.22977885084981872,-0.2284641697270224,-19998.92764221223
475000,0.04901176412732572,0.03516396605414959,-19997.19178746118
476000,-0.07660425966854283,-0.0759679108528305,-20028.192156182777
477000,1.4840778834983634,1.4840365993711642,-20063.133742083122
478000,-1.1699964163251415,-1.169082147900195,-20066.26051004785
479000,4.437012291335762,4.4359346839005935,-20032.92567771702
480000,-0.2281226220647959,-0.22596512650821027,-20007.12096470567
481000,47.18413256567946,47.176536913254715,-19927.39894723055
482000,3.536890645743075,3.540303099052919,-19932.980912522387
483000,-0.086077849244383,-0.08389639706496209,-19930.384551749034
484000,5.1949644511148065,5.192079698787471,-19901.339351808638
485000,0.09423694802792672,0.09239002687950897,-19969.166170059474
486000,-0.011026729785033901,-0.011007191384565592,-20026.238635746995
487000,-0.09595385263950296,-0.09705257072142102,-20012.78799780858
488000,0.633496856881676,0.6345260961474382,-19995.33255663084
489000,-0.1910215588133447,-0.21980926262407555,-20011.408247506377
490000,1.4099856236406862,1.4097219870838311,-20044.111633625536
491000,0.15960625486006996,0.15087284004908932,-20003.79878498784
492000,2.342510959483973,2.3430014649909716,-19977.60917008972
493000,7.481218337164941,7.477409426435417,-20001.886888725323
494000,-0.3317962831987731,-0.33247766234322346,-20048.433851438196
495000,-5.3898191554245365,-5.394545475650924,-20081.97150019966
496000,0.6366567715802641,0.6367812975694075,-20026.199319844334
497000,1.2794882339330487,1.2771138216818585,-20011.240843128002
498000,-12.498529674743255,-12.497299995682864,-20065.92980853397
499000,2.3307473881813,2.330111837376101,-20066.635124296517
500000,0.3852139128273466,0.38613253650288215,-20120.53170063465
501000,-0.17348237776254422,-0.17651374869114525,-20072.462523429323
502000,-1.4893324106034678,-1.4858700132188978,-20038.074551166017
503000,4.684161596859338,4.685406629224562,-20034.26382036519
504000,4.786805018782715,4.7874110721704985,-19976.76912513576
505000,0.8877097794911546,0.8906210870686788,-19964.61359404747
506000,-0.006109746512937605,-0.004480074716365116,-19991.73394167845
507000,0.9550262452548981,0.94466431508047,-20008.13275271534
508000,-0.06411744261363367,-0.0643730145662821,-19973.32733226066
509000,0.128946726191963,0.12716733247346906,-19926.413380585192
510000,2.008785982533678,2.010733201840126,-19936.128433906077
511000,-1.7427159960096255,-1.742760206071487,-19961.472539772116
512000,1.4283210054129463,1.4295219698691994,-19979.74136894066
513000,-1.3513245493903556,-1.3513436826082033,-20019.98446416682
514000,2.5871568891288765,2.5859201716070936,-20045.95263649206
515000,-0.24348801977995257,-0.2405144441427065,-20111.852209031982
516000,0.0024187094815183888,0.00309115027493118,-20128.089138046253
517000,0.28251319107877804,0.2787725267263887,-20104.36601831875
518000,-0.1879143155685856,-0.1842204846358242,-20035.920704877335
519000,1.313547345246097,1.2978063547745435,-20021.99847697763
520000,0.12033478613515643,0.1180708383600191,-20037.613368130063
521000,1.7141100230632862,1.7192198920369495,-20080.881224434434
522000,0.13768925985424643,0.13726385521115242,-20102.071213346724
523000,-0.1611727538395867,-0.16153597872475597,-20074.356565250124
524000,0.012336759340537781,0.0149445337954453,-20029.686562126695
525000,0.015171619226525735,0.014095172025548695,-20010.202382231568
526000,0.04975458533133243,0.049614456156142184,-20027.768826168165
527000,14.22517551932214,14.21202460887202,-20025.03283546317
528000,0.9224086179537206,0.9222001679123808,-20058.339443363806
529000,43.902274461279994,43.88949305845704,-19979.068429666528
530000,0.5574953693054852,0.5582389817947342,-19999.081975809175
531000,-41.110174802413866,-41.11222713994904,-20091.84088493102
532000,-0.22471617009937783,-0.22491828782210516,-20070.035238182056
533000,-0.2512544181423585,-0.25651310171511077,-20008.437430860697
534000,-0.17597614056533814,-0.17671497913944523,-20014.32326240027
535000,-0.5954574883806373,-0.5879122229121225,-20056.581529484036
536000,0.44103906279238125,0.4395192504060278,-20031.200110378973
537000,-0.07825742888785225,-0.07920055662042871,-20087.873267640734
538000,-0.1614048988010843,-0.1610986572460699,-20079.1324353629
539000,27.16269181788639,27.15420914398024,-20035.87626120863
540000,0.2368134550517803,0.23802595239658106,-20079.277538466376
541000,0.030540220990594103,0.029751862062642475,-20074.48328193002
542000,-2.1487523880880834,-2.1459300660381726,-20095.103651976904
543000,4.244414919816036,4.247350331900176,-20062.203475628936
544000,0.2513871090289669,0.25272648757783056,-20078.108850195615
545000,-0.7996718073703972,-0.7981040231120374,-20035.007137046825
546000,40.51293004876245,40.50182499954873,-19974.944390586785
547000,47.9426058368569,47.9341796217584,-19998.914001367873
548000,-0.11649914772953326,-0.11980126937309103,-20059.353313127074
549000,0.43423509440137975,0.4330110557807418,-20071.336922426555
550000,-0.3930266216409667,-0.4012123139988363,-20056.080737477525
551000,-0.10984067397481086,-0.10698004641436794,-20056.14063871191
552000,0.061872560156699695,0.0667150322368445,-20071.4561660613
553000,-0.15480309502314227,-0.15439590456126998,-20055.167607495267
554000,-0.20332020626654293,-0.20117862552588198,-20060.08422599196
555000,1.210601477995125,1.2081900398409258,-20092.14143735276
556000,-0.10333994630699375,-0.10168009545493144,-20090.792734805622
557000,0.05525913166251756,0.056192007265149134,-20145.79527867543
558000,0.40502061239563686,0.4017136633898155,-20167.67403438461
559000,-0.24206731088686734,-0.2444347991860627,-20061.080288654146
560000,0.6315369944264623,0.6328478101790562,-20102.233805901487
561000,-0.29140605439848866,-0.29087028566880496,-20095.955450577614
562000,36.50549506287401,36.50258854478038,-20029.643804976124
563000,-0.0012128696745043704,-0.00813515517873067,-20033.887489795852
564000,0.1951179416382497,0.19584013613375553,-20031.602620955382
565000,-0.11794130333548292,-0.11673003631906943,-20033.565097740764
566000,-0.19259560771024212,-0.19411781064318387,-20021.61320334211
567000,0.5195259615974325,0.5186788606671476,-20054.145154794987
568000,0.9282783312704054,0.9265475659138419,-20082.679067268
569000,1.5970309418857858,1.6015587972963876,-20064.14507834844
570000,-0.057096605987747115,-0.060249489052736256,-20030.421833363158
571000,0.43593331543840563,0.43642530939013513,-20010.972701151743
572000,14.713948740382907,14.72010058289006,-20000.797542070388
573000,3.406139516804359,3.4069650951977377,-20002.812547909576
574000,0.0025947793160363787,0.001452861225745615,-20020.914669651753
575000,-0.33011715357999294,-0.32332291805992,-20018.472822813736
576000,-0.11811665879984226,-0.11574183419112159,-20060.177953906263
577000,0.07600023681383607,0.07834937974772474,-20072.74954936461
578000,-8.844279055031656,-8.819923033381846,-20051.50830483549
579000,0.09075302416100395,0.09075651610428626,-20081.905275419118
580000,0.6414121888913742,0.6413024637342944,-20048.061638343635
581000,2.0655934985058115,2.0630682667402556,-20033.977324734933
582000,0.38597954137091883,0.3876075858305029,-20080.41185440397
583000,0.1986658619388733,0.2018551160985533,-20115.33670618018
584000,-0.29459859046338605,-0.2933050543443777,-20146.503149844197
585000,0.18637132166027515,0.18905132258834254,-20139.135382617787
586000,-0.742745987733277,-0.7458954065298864,-20157.300904342716
587000,-0.15901249843421913,-0.15728752247022834,-20150.70060868141
588000,-0.29370923130549303,-0.29637646284976504,-20135.18228006882
589000,0.18996881967068316,0.18865652505699665,-20158.490606816304
590000,37.35366830253794,37.34864840807807,-20107.91416521041
591000,5.514963274069037,5.518406271819746,-20181.964953823564
592000,0.6960059049909987,0.6972150584457792,-20174.183978503504
593000,0.3105528950409986,0.3115438742335512,-20170.531789006218
594000,-1.6314010477802348,-1.6322380224807826,-20103.931339362265
595000,-0.16517695999682028,-0.16445352195410975,-20124.51484707491
596000,0.7758214282396645,0.7762300988683372,-20116.73491154505
597000,0.123206180487363,0.12321017929712896,-20162.046359995424
598000,0.7706435608196737,0.772651821089731,-20242.247070048907
599000,-1.2877745119194544,-1.2864660263061622,-20239.44236039756
600000,0.09898099649950522,0.0970572486446531,-20209.25450970092
601000,1.082294482256585,1.0755799133567918,-20219.493601844366
602000,0.032893637993565907,0.03155009169705176,-20196.186081150947
603000,0.25553138329088027,0.2575813399606604,-20189.6058395265
604000,0.1847872117437598,0.18298199787101466,-20199.060100401028
605000,1.5439403475800428,1.5421521542107717,-20168.313873166437
606000,2.13226867964134,2.139025787705223,-20131.909931727067
607000,6.412470466918567,6.415379903153603,-20104.465495897053
608000,-0.7903465306114535,-0.7928241656887874,-20072.79426239036
609000,0.20899617062973805,0.20902560938419493,-20079.182536584885
610000,-9.88801823280082,-9.890118166878317,-20077.821472994525
611000,18.37419868040724,18.373410737521784,-20069.493218909898
612000,2.0145576862454186,2.0173975241615714,-20096.45982348529
613000,-0.30119491465230025,-0.30369633429970305,-20051.662496136472
614000,-0.03047127749158081,-0.02954907359060857,-20127.384589126836
615000,-0.41628728183462926,-0.41562798621762825,-20098.6762654695
616000,0.007339105358702515,0.008606881485989176,-20116.68705314534
617000,0.5220816010583904,0.5221422321101872,-20157.122241081404
618000,-0.250248479256776,-0.24782382438684578,-20203.25465599497
619000,0.17522915602793585,0.17104139149454317,-20217.53540821485
620000,0.400541335928,0.3932552795412136,-20201.694653298702
621000,-1.5620582167242272,-1.5586460666267186,-20252.534036422745
622000,-1.2927748643919232,-1.293278537566238,-20243.37240834549
623000,38.2407609585416,38.234881288592895,-20199.271871621364
624000,0.5639229110370451,0.564986249817795,-20228.951087242905
625000,-0.4429395746921581,-0.4583847831768,-20272.33456756661
626000,8.808284968037938,8.801000312878184,-20222.508113397056
627000,27.1042426117077,27.099195830200678,-20176.223040180394
628000,-0.015163609772622832,-0.016385692003043836,-20135.59797042658
629000,-0.7240193496047478,-0.7223565669045687,-20150.4034138123
630000,-0.030215940243772492,-0.028229855013442568,-20147.508969540926
631000,0.3252068792737708,0.32345277371508535,-20201.884062550427
632000,-0.7158805505599125,-0.7177445909454945,-20292.572370199596
633000,-97.03953299873675,-97.04401099360538,-20366.226781348414
634000,-0.5603015116336306,-0.5584024086636676,-20267.365684016175
635000,2.2217549471355906,2.221160933882587,-20312.932502227894
636000,2.8722499780454256,2.8683321890920324,-20337.6822890509
637000,0.2447702196749569,0.24457813452269592,-20293.89620091815
638000,-0.07043143981026981,-0.07143227179872723,-20242.78463918185
639000,1.417097009288699,1.417603715085355,-20223.776435524913
640000,0.36216926918000314,0.3641143518741281,-20227.519760495987
641000,-0.8104430319527722,-0.8143331411427827,-20294.785972522764
642000,8.371263292190088,8.365458472952806,-20297.70157955957
643000,25.169995364869287,25.166878983182116,-20307.084332322862
644000,0.6433297154656445,0.6447995271824657,-20287.12875247872
645000,0.17680379743531718,0.17402902341575163,-20345.09386446108
646000,16.936978370223773,16.93590586460375,-20266.58861753066
647000,-2.233931203319462,-2.2345365819279572,-20285.459629654826
648000,2.557954225668487,2.555067089758914,-20273.417864570052
649000,-0.08521329891418618,-0.08947817415933532,-20302.634816385173
650000,0.07626069078059708,0.07570579075398033,-20353.70050494407
651000,-0.053699264350148705,-0.056725471220434524,-20305.700165566064
652000,0.35824545322461615,0.35711021165554196,-20275.44607317031
653000,-3.073927509726434,-3.07090443849764,-20268.45896728947
654000,0.26569606534134776,0.26569260563318986,-20265.925919852143
655000,0.5173913627765532,0.5141456530202452,-20294.74030764656
656000,-0.0916421370652875,-0.09046736647564017,-20289.7966825674
657000,-0.08084937015173642,-0.07995492197924159,-20194.079167509237
658000,0.09962348803294711,0.093730774506204,-20214.941793914473
659000,0.012313706322065113,0.015359074506037919,-20229.73508632567
660000,-0.07663659199503564,-0.07352848364255589,-20256.003728094503
661000,-0.022368157181228178,-0.022946887028516917,-20258.130151805206
662000,-119.8535476702674,-119.85985823021028,-20367.952769176114
663000,-0.5768523282232627,-0.5783621003122036,-20215.98974041581
664000,-1.0527402325933304,-1.0533029652275567,-20170.034540606634
665000,0.5485825938571897,0.5475094469123601,-20192.2715518158
666000,0.23342757656565355,0.23343030206322032,-20197.47737098867
667000,-0.1394973358981429,-0.14183967889536273,-20282.848592600112
668000,0.03889478545962564,0.040108986301545274,-20266.734314667006
669000,-0.7760914451920617,-0.7732515387882416,-20288.746045469823
670000,0.3553798621606133,0.3547760505956314,-20231.091585800306
671000,-1.6674523299653483,-1.6686368769298816,-20257.4637619437
672000,-0.17390610684989055,-0.1774272494024449,-20255.979577408703
673000,0.4250557350266945,0.42577799675253186,-20234.92965003385
674000,0.6564952222029049,0.6466746793483729,-20190.025647959046
675000,0.3374192572597546,0.33618826151885417,-20246.148540202386
676000,0.558469747269507,0.5584844148166297,-20261.775774761714
677000,0.16726713866364415,0.16570329847621387,-20280.679844533268
678000,2.407218208166636,2.4079693960108832,-20266.74230586306
679000,-0.05809187749214265,-0.05871749394233732,-20297.189660109118
680000,-0.13686018368729638,-0.12399291358034076,-20289.6996795853
681000,-0.2064340468760642,-0.2053542087122496,-20246.57762592844
682000,-9.703654584617482,-9.705532570648256,-20248.460160388215
683000,-1.3881105552062403,-1.3856476467437278,-20276.84381468705
684000,3.8017812426578534,3.804516915119833,-20260.305068998634
685000,-0.14109606592742815,-0.14065389454505955,-20264.207417409267
686000,59.83040414367459,59.81821622290093,-20227.481399705783
687000,-0.009483808349975672,-0.010262911110415563,-20232.826709960587
688000,0.16116050976135307,0.16443720135726814,-20194.860396075102
689000,0.057446537764445235,0.05752133276001093,-20153.75656314711
690000,0.541384418183195,0.5420356426718906,-20165.88906006555
691000,1.3172612843138443,1.3165256885877346,-20159.190422665404
692000,-0.9897963153418144,-0.9909543933852052,-20181.86888666675
693000,4.314394620168762,4.318352652077527,-20140.835096412717
694000,-0.20308334368013517,-0.2025801271805625,-20175.701979918667
695000,-8.259932813962523,-8.246494763788883,-20222.344066735925
696000,0.012655299570825363,0.019460736031731398,-20190.067160614035
697000,-0.22833716642127774,-0.22772834735436318,-20142.11003199585
698000,-0.023505909058934252,-0.022755119113146188,-20171.19866026598
699000,0.4985448061151244,0.50163832277859,-20122.003364374705
700000,8.775866297338755,8.769832274247634,-20101.664739753483
701000,-0.5955774603861685,-0.5947395238340996,-20136.920440806658
702000,0.08666916147144671,0.08885069392664424,-20148.004579351935
703000,-166.468370640971,-166.48585622272802,-20324.038416795214
704000,0.060161007436311156,0.060844294150010095,-20183.642426000406
705000,0.7951666765270045,0.7971208129467436,-20207.034865084242
706000,0.01618370528495702,0.019904666472907357,-20182.24969956854
707000,2.4600275377679472,2.462081155491518,-20196.078918112347
708000,-0.9422702955448171,-0.9390128015833753,-20165.626108218854
709000,-0.404111888286517,-0.40285460449718336,-20131.367041470177
710000,5.515856486304626,5.522082141141875,-20142.46500377607
711000,-1.0887787432804592,-1.0891068243378388,-20161.80765589301
712000,0.11384588344075049,0.11498403930980143,-20122.013857401715
713000,-0.08569179859478163,-0.08431001097228961,-20178.415218769933
714000,0.02338391950652005,0.02116366890213593,-20184.90155792612
715000,-0.003080338644841327,-0.001822265516752372,-20197.69586908498
716000,6.298577269609032,6.299870473176256,-20139.965103040544
717000,0.22666633007832515,0.2253209031111634,-20167.208320748436
718000,2.0493882162024706,2.0312687113566477,-20130.883589121222
719000,0.09789218948813727,0.09676150088775418,-20172.227798022614
720000,-0.2038465032823403,-0.20311564672285007,-20121.973851570012
721000,0.25943836454727,0.2595698194747125,-20088.974924581948
722000,-1.8255756842993287,-1.8211619255027507,-20157.063053238122
723000,-0.15183558143403836,-0.1533250219646093,-20057.780933019872
724000,-0.055255542504830085,-0.05134373153583677,-20063.746635171654
725000,2.47234134138686,2.471128195093341,-20071.739525329904
726000,0.4446321219819185,0.44367839372040374,-20062.5761325291
727000,-0.75521352540431,-0.753834086648843,-20038.912317455506
728000,3.422373985225145,3.431969190483823,-20104.517306417125
729000,0.1377114211246174,0.137326527636609,-20105.10582029005
730000,0.02363623622786416,0.025608940615840122,-20059.616890723217
731000,-0.01318470709830332,-0.016291855848062,-20013.520971527665
732000,-0.6808908237673243,-0.6794698868307555,-19997.40612254255
733000,-27.01552119729879,-27.015532776641066,-20057.847114701548
734000,-0.07070010716417416,-0.07166258653917598,-20034.832253248525
735000,0.5849094387934849,0.5841594300798328,-20080.54223824592
736000,0.4623466430003698,0.4639193741090189,-20074.643388207718
737000,0.16348817397669574,0.16419664122493077,-20103.74446021884
738000,-1.9858080407476044,-1.987620534898377,-20097.069415032296
739000,-0.17286642971343272,-0.17194949699337053,-20045.379776218146
740000,-0.02895215154227378,-0.029493382389376765,-20081.333297967598
741000,-0.41077165010354605,-0.41157937296169494,-20096.64117665123
742000,0.08977764509847479,0.09916187668283713,-20130.146342093598
743000,-0.09894441108478773,-0.10084410163555983,-20123.82253285985
744000,0.9703809292860902,0.9716622607650574,-20151.31812940124
745000,-0.8530185159822298,-0.8529039087375742,-20126.625196949703
746000,-0.0188727777225743,-0.018180628491163385,-20100.64033544602
747000,0.6206182135936638,0.6182631120850132,-20100.740846579054
748000,-3.76412167372891,-3.768518519766334,-20128.60981338136
749000,0.20056437529998286,0.20222009674870423,-20092.12756953338
750000,0.2128287598851777,0.21413876043871702,-20148.283056759275
751000,95.37853862483519,95.3614316928524,-20072.259974314013
752000,1.2323642724854977,1.233654856792923,-20203.355331230465
753000,1.0662248248976702,1.0661549636903869,-20193.882440925387
754000,-0.016982529684480947,-0.014774080955660436,-20129.41847667199
755000,14.097284310611649,14.086110866570092,-20109.118728662335
756000,0.9632717850986001,0.9635009902744511,-20124.792691127936
757000,0.10163151837976475,0.10170070001258716,-20077.176560596363
758000,0.014928245189553244,0.015089699057574162,-20081.401507264876
759000,-0.24139048654896147,-0.23885791835799705,-20082.310705446755
760000,-0.7394264440964378,-0.7385506520392142,-20109.74276293369
761000,-73.4475456714533,-73.45282924010797,-20223.60972709521
762000,1.152212109547267,1.1368234980637661,-20150.739316667143
763000,4.422745758218568,4.42441203384584,-20137.939414212673
764000,0.1977904955542811,0.1985186260657593,-20132.798286235095
765000,6.993392062580187,6.999563494865772,-20118.925478676403
766000,1.1235650744653671,1.1242894177428076,-20102.656040723137
767000,1.2722577293579898,1.2643918448622715,-20139.35424622408
768000,0.056083491085598895,0.05836628481867172,-20110.684846934982
769000,-0.21512664921195473,-0.21831313279623563,-20136.692148753937
770000,-2.6960595710440716,-2.696863717707062,-20115.6086335895
771000,-0.24202992661315678,-0.2359746145163554,-20084.348412751093
772000,-0.8027059556894655,-0.798153208181106,-20125.882968486498
773000,-0.028637973882266323,-0.028237537231710984,-20149.3862176186
774000,0.19931689917663736,0.19703143215677918,-20095.70885304299
775000,-1.9729426075870875,-1.9759487950412509,-20096.244092195404
776000,-0.14186535234738712,-0.14479326551818483,-20106.271318759787
777000,-0.32398670966473087,-0.3262300343917556,-20132.272900845517
778000,8.594663787134452,8.589798200345335,-20143.96824713313
779000,0.6670024304060083,0.6558892976324568,-20147.267853119312
780000,0.09773706056769156,0.11192508762516158,-20171.566235697297
781000,0.1392483353281046,0.1380828317665296,-20181.649058022056
782000,0.036739491585865626,0.03954232527606396,-20154.25937578815
783000,-1.2060435742388946,-1.2061927063168243,-20135.22625877116
784000,0.10607740716746561,0.10680232747663124,-20065.572600125903
785000,0.15720117981863432,0.16153905928159665,-20079.4851262
786000,2.001709464808866,1.9954757923866733,-20094.866398502752
787000,2.6865374441797574,2.6840532279323783,-20158.344384025448
788000,-0.9656542817775664,-0.963001166349338,-20163.69501340846
789000,2.9465907921345176,2.947663898832106,-20087.652790515673
790000,0.0973274844209006,0.09834868666914551,-20088.56770009638
791000,0.5064769770720599,0.5063231500731376,-20080.493400836556
792000,0.0940372315656821,0.09531432629677175,-20087.480111274075
793000,-5.599308819981374,-5.598601353503663,-20082.113288878492
794000,-1.345091190917604,-1.3420413124573338,-20088.818710088413
795000,0.2536525403922379,0.253719127215166,-20044.000010276435
796000,0.2012969293105517,0.20123019844677298,-20128.336793927705
797000,-0.2468166052132602,-0.25257012579088006,-20114.817796888132
798000,0.37269688841658793,0.37322185254390494,-20079.46948726981
799000,0.011396038594365934,0.015368001530340658,-20128.35829680898
800000,0.8792767375738646,0.8813499049717827,-20174.17729975932
801000,0.19905716645620888,0.1995106321275658,-20179.690037032182
802000,3.118205651499795,3.1184884175530017,-20194.22775220484
803000,38.28647118828082,38.283086278020704,-20107.905382425153
804000,1.8593393680911185,1.8542525046699598,-20202.04535677822
805000,-0.15942857459575846,-0.15975070981303924,-20188.34787663247
806000,0.1446632420010305,0.14415785332936845,-20187.44877916288
807000,0.6076289430178708,0.6078987614018441,-20247.486777840048
808000,-2.0823203766917184,-2.084385515610875,-20255.232941705097
809000,-0.6826787071139818,-0.6826263220268883,-20235.47785087271
810000,2.20759178159574,2.205153937453138,-20238.21672597577
811000,-2.603546604701816,-2.604668746983639,-20289.744142314037
812000,0.021190377652369623,0.0216607427195958,-20228.231180513783
813000,0.5348544800401765,0.5319209611846673,-20234.032489923506
814000,-12.449607633223733,-12.439095109373708,-20178.060353857898
815000,-0.08404509207507818,-0.08345864489226422,-20135.270604713354
816000,0.765760097550821,0.7659628073646485,-20118.34024926492
817000,-2.725748671783449,-2.748716519093494,-20190.580759219527
818000,-1.2538840482796128,-1.2558516719047674,-20196.860089786544
819000,8.247137038969923,8.241106068489936,-20079.28645736326
820000,0.39658723905739973,0.39619537346588124,-20116.38798082354
821000,-1.3033033817388429,-1.3155205632155396,-20119.286803474468
822000,0.07689170171642819,0.0796222453905079,-20162.971927574694
823000,0.42760175106459986,0.4300788068051481,-20132.617707668913
824000,-0.7033819422364901,-0.7022565369279503,-20111.641482515235
825000,0.39080724230781444,0.39049473534803364,-20105.75282015122
826000,2.3025753199228807,2.301125869347771,-20135.66508066749
827000,0.009230214336296784,0.008399005521005615,-20112.31327071092
828000,0.19380559036137515,0.19374924874663377,-20102.214216094635
829000,-0.008419992362125806,-0.010687832715903251,-20144.319741389852
830000,5.793378246569303,5.791004736299305,-20126.50524169351
831000,-0.39164797350591846,-0.38987468949332876,-20125.027417128345
832000,-0.9905404270436503,-0.9897204312791634,-20025.405765468215
833000,1.620358862158943,1.6192768644213271,-20077.503475359183
834000,-0.24563099501608265,-0.24442757002309504,-20075.83934147208
835000,6.220524601856987,6.216918957609507,-20074.762385798243
836000,-0.9039536366260642,-0.878484725792399,-20086.838726494072
837000,2.1300378837531744,2.126742879888346,-20046.818998119496
838000,-2.603858804871945,-2.603149142790974,-20061.949841003563
839000,0.5786661358897319,0.5738712994535005,-20104.08207688289
840000,0.17138332542119672,0.16509568949190284,-20098.9997000652
841000,-1.1569108889459347,-1.1607954016241897,-20071.101431618703
842000,1.4680957302570994,1.4696482538961813,-20067.951700183497
843000,-12.599157295230654,-12.600681308403104,-20081.378199287512
844000,0.7769213740248249,0.7780633239292793,-20099.06986727673
845000,0.620200212181926,0.6195655135832147,-20167.457360229317
846000,0.4676272451314721,0.4685921434639227,-20184.74993821565
847000,-0.21210835624345378,-0.21135907059338951,-20182.622916840246
848000,0.13628622595088394,0.13593069781024833,-20143.130539272024
849000,-1.7982771587583661,-1.7996755282587586,-20114.90908205636
850000,-0.004528506482525247,-0.003512500874962595,-20135.837926145563
851000,-0.3015846468296935,-0.3022062281639933,-20151.24438980022
852000,0.0357874551411376,0.026522703456862463,-20158.903473999715
853000,-14.134685335628596,-14.11347664523327,-20212.369293295505
854000,0.5099842677120029,0.5118150241338679,-20147.802495965363
855000,0.4704920928547502,0.47155397555051437,-20155.84913044823
856000,-2.3023689234627964,-2.3037155576152015,-20146.475738750152
857000,0.7104807053761922,0.7070756628909594,-20130.928315179684
858000,-0.15597714041489644,-0.1552537087225726,-20155.626671388633
859000,9.367535061364437,9.367106184294265,-20080.65239991708
860000,0.23249571556696833,0.2331484793038739,-20052.53839193461
861000,13.386121251772728,13.385590413354835,-20035.76231284054
862000,-3.149638307690483,-3.1490512917836186,-20021.060512122072
863000,3.3933724084160377,3.3944210633461904,-20062.45542367165
864000,6.4937656495875045,6.487551195701345,-20034.2582712472
865000,0.4945635025866433,0.49392902645390313,-20075.673625275802
866000,0.11753701422459768,0.1128957755662334,-20091.798409870193
867000,-3.145165569783156,-3.151206079541672,-20101.265732334425
868000,0.564115538070361,0.5648677522555914,-20066.43934856899
869000,-0.13182083415175258,-0.12891669998851196,-20112.48145455998
870000,-1.5338332809954525,-1.532554798625125,-20079.049931881018
871000,-1.2879220960340787,-1.287072424910724,-20074.714882502965
872000,0.0920807387546599,0.09244234247460588,-20105.520570471905
873000,-2.305355210745849,-2.313021054674727,-20117.747623839943
874000,3.705246102741373,3.7058077856353835,-20114.018638254827
875000,0.11259355659447849,0.11267359604596071,-20033.85912587619
876000,3.2807451662205045,3.2805129022511244,-20008.61725601602
877000,-0.0414760915940087,-0.04121540795837245,-19993.8834632232
878000,0.0798880156129118,0.07835758726463052,-19947.711960829434
879000,-0.39462391188147267,-0.3958022874996867,-19928.691749754555
880000,0.9450275634798113,0.942984494752334,-19938.255394418233
881000,0.2791673104529576,0.27970695197877327,-19971.297133134605
882000,20.343494191240538,20.337952348454884,-20003.193335912576
883000,0.14988987379792237,0.15048299000313278,-19990.21873929544
884000,0.012812894771791799,0.015954552674423774,-20023.879190128388
885000,-0.17104887560819165,-0.17083076645002537,-19992.823792412302
886000,-0.2642142374604051,-0.2651047080957082,-20020.42584409452
887000,0.08783643976884667,0.08996952088145949,-19985.383485881088
888000,-18.288079871172407,-18.267402060805924,-20026.185573735635
889000,-0.02767830647194188,-0.028688277215153747,-20024.20870662219
890000,0.02054660060860311,0.020201676484287938,-20065.386461943053
891000,1.260331518028884,1.262191849662549,-20065.171702158423
892000,-0.03022768686525849,-0.030077337407966313,-20103.68197412242
893000,0.15125902423301013,0.15102497205031518,-20118.773214955458
894000,-0.3220585399050003,-0.32166229755243786,-20113.108633377837
895000,1.8259645447621855,1.8260693681190172,-20111.547697890474
896000,1.057055820701574,1.0597806839860366,-20123.06081434725
897000,0.19427588978436985,0.19036243862955649,-20169.03978324773
898000,0.34463285870826593,0.34653410934464707,-20167.253469609288
899000,0.6144508234139283,0.6142534698464205,-20177.08121332033
900000,0.3328203865761359,0.33398743434292816,-20173.97498839224
901000,-0.36388393986801193,-0.36365458345009893,-20165.81690948867
902000,-0.010749860768419663,-0.00909732153837845,-20184.962327358884
903000,-0.4850012174390634,-0.4852334239435041,-20192.188893512102
904000,-0.012989716539720156,-0.012971992837847014,-20211.92051777323
905000,-146.21531380843095,-146.23443271399387,-20330.525782618457
906000,-0.3580471191062374,-0.3578815385766242,-20172.961947131
907000,-0.5206794595006174,-0.5214015311463994,-20183.998215922227
908000,-0.3913098095944379,-0.3908519566144161,-20124.486110201487
909000,-0.8061196967637491,-0.808047949859212,-20085.117933620284
910000,-0.026328470221866542,-0.025690101962757804,-20108.563716571127
911000,1.1889422897152033,1.1878029024987813,-20155.164003699418
912000,-0.8325584230638086,-0.831173033582997,-20100.667684790867
913000,0.08118357377948869,0.08476847044628816,-20097.229293834353
914000,-0.2240478185596163,-0.2234841557699929,-20134.694581927444
915000,-0.030952784596946902,-0.02831920004378749,-20116.199361051516
916000,0.9427478488198302,0.9373754000099319,-20092.00571222602
917000,-0.03242984579314979,-0.03380785817629189,-20114.499434130175
918000,0.013248624099031023,0.012342170720027698,-20091.16138345503
919000,-38.54516145174285,-38.540912463511965,-20082.326681252664
920000,0.24351178289755834,0.24384020883310914,-20066.594300674667
921000,-0.028765786705815113,-0.027933715171774613,-20044.208632843962
922000,0.4849070705501048,0.48427805346875474,-20001.130892516863
923000,0.34625457236135315,0.3474960661467835,-19970.294136282126
924000,-0.1308385733987228,-0.13096388259685826,-19997.541143729213
925000,-6.141764237505933,-6.138005276492843,-20051.029253369183
926000,1.3043529878982039,1.3036132929850255,-20048.357020010095
927000,0.31981708483844695,0.31664663950435623,-20073.518327196296
928000,-1.5230677719338586,-1.5225338822481247,-20066.602600924452
929000,1.991797427872743,1.9899642989628907,-20101.89101855199
930000,-0.5203732893045745,-0.5163701424804142,-20085.49518841585
